summoner_id,account_id,puuid,profile_icon_id,revision_date,summoner_level
27e3ppC2YX1YRomMgqPJv3cUmkARZsKL4d-yzlNE0IdIVhqJ,W-dfL_7FmxI8DMVQp8YW6TscnSdwHTO1o_Jjvit8Q5GVCkuoUMYGXEjS,rCj7vrcJ3AT8I81G-tn-mi7LmIRuosizW7drTrcnXtQUmy0hAdGc576W1j3n9F2WCIlnmusl4M4_wQ,1590,1722320268000,166
nFFrCc4_nwS5Nh0Vrm1ouF8SKf_6kOvbhlXk5zTTBE_nEOAI,buNA8LAUf-GLGorkesFnzFDjifPoIVjNR1zvx0RuNQTsHoqsgAgWLqiE,AnNB63AHxR63qY1ftYURyMzqf7dXu86SqeKdmuF__e7Xsoj74gYRWy68spmPQJxvrFcQb7m515XzYA,5125,1722397786000,55
wwpgOwaMA2bAKt0kS1f4qDdwyjYnTh8eO9rY-pJBBp-LJQfs,aK1dlbclENvZCj-AHQSklqdo8n6XZE-ScBCgm5PZn-1bPmKAPzvvkD1C,qbkES1f5QwZIdpQ6jLTnK7vxHjAsCZV4iGYtLuweumLQd4_jYqHc6o_o9CHf2KHMizZsqDExT943hg,7,1724274427000,182
Cku1lrcFKLTrqUhJDo7jJXEWeQ5YsUlr9TfXXOdOiT5glaYl,PyLFAEWUAOJywlKvImHhu3VU5voAMAQKrvNPVT8YnX2pz9S9q-3UxnDP,dWT1LzI9J7wO8DrhhxJtB30S2hdgw3WBVif6PENwNt1-nVQwfD6fzxLjUJqkO2O4PfDoDE_ew3_qew,3591,1722412424000,49
hKEZK0BcRbZuKi_jDw8vHAJMuybJAOBoH1Km5Tk5BNilKktl,80WfmXyZYxdNq_Pxrn_vqdON4GZVZJy8892mOIlBWOS4eVItuIHXRiQF,NEFjCDWzn6tFYYhLUoNw5amQRIoK1dx5STAruNbgVct-PxbkFDXJVGCHD6h3Tiq-bHFCB2jzOxE_cQ,3535,1722770934000,131
8yBQ_b7JxiqeeCq4CINogm_ROqtlJHp1vA5e7FIL1UTTdUca,oT-R0fMdtazna5yPQeReg5xjVgh-AV1t3zl0ug79qo2xX_vRLimsG-3C,6IOjmETQ7eRL6-_sK6-aQ_bzrrSRUjvXGa6j_LeFH766XGdjJGywRvC-15L0ABnRKNQNFsWaYjzhpg,9,1723030254000,32
Cp2DHLhkci3X5Lo65oMJ7nLQj7bYOeElMHgR2H9oyt_8c_tu,xCmQvs7sVbPJZtJ67sJ986pEqJ3jdN5EVl-1mF_hM0slhCVDLsObup6V,WjFoz60M8Vg6I1xwAOCungN_iG5XjdI-NTNkx6qvxu4XH5QXjUdDWu5-jGJxKAwNZWcc-4zYch9DIw,5371,1722822076000,69
zxbFxhe817HjdlH1eA9MqU7a_XHsbVcVe5-eQgY3FECaE2E1,1HQ2Z_MSJ8MeIgLIAcw46IIqzX1ygQA5Ftj2B6k5mUW0L5N_nYQymxR9,dWsPPisk499MJKFCQAFuqIFdU8Zd8hlT-EpGzHt1MJ_2hKDBFzXZ8842-Qs8jeWYxei3nT3tcvxNCg,3228,1723103432000,37
YkYnpy9AyVceonmHyNZTzxK1SCIcxdD2B5qto3n_hW8J1yC9,jbUHw4YJXPFG6MNmuD4LvpzHsagjRePTS9yA0M1lsfNJIjuxzOcxI06Q,ouLXSMH1whxQZ9Lhf3gvcDYFKe43xuVgQcMBJrmmlr19c4Z_djiDBLcW_r6HPlHwR1ufvE8yQaKNiw,3151,1722918056000,75
SZ26mcU8S2tADQ_VJ_ZUux9t8oKXB7NU9Spd2YkcPVMSxORE,z-XE0dQOlFkkkjzuaBHZ1qvbz_c9N7-K-86zBzJljY0OFfRaIR9T58Mi,jWnDr8pp88oGXrAjGePdy9azLOfIt6Lj6Q8teYSx9yOQREZLafufFmhLJ27RkxkuRBiZ3vr2xEu-Bg,666,1723086237000,60
rAo605YYa1ik5mhP35awnP8_Dtaumm1LuyUHAgAZGPMe5H7r,KDVIvLLzgVT1J0bMTogGYpY4Jku_AQqPn0tfraU_3bohdJnGhw-3tTHC,KUeAhP9N8rBUQZF7ZU6Z_o7mjR_2x5upUvcI-S2PeL_UN2dROj9IW6E34SfhNY-W5bPjGr6Oxl-c2Q,4903,1723277492000,74
wcVvzr9oqDkYAyBwiuhkSgrb2n1mSBuTy8f8N00pnoEnLtop,0r_vBm-lpa8yyYIhZfmeo8qcZZ_ZaZhesai_LfIkqu4NKFr6YUqofKnY,cuorvm5rJSM-mqc2M9NXwGb_3Y4XZlgR7SRZnmYvNma9dhIaQ123C1LPdf869_H2T1lMnkF7H1zSog,6526,1722542756000,434
7bD5wncdUacathdXYg1HHXRBoPetv-i70dNWXhv8zVeRPpea,ppi5K_CgNHO4dIaH3apQE5eSQh9rHz-ip60bypnns3Nac4Kz_tQQhUfU,TuRyFaGpHxEg1IZ5eveExLuzb3nC8XVqwrSqa4bu7zFr46i4YoJtMG8nCiRn5Nb7-fmpEIXLDqSghg,7,1722974206000,313
1gpcsptEJ1ygv615JJ34OXV_BrB7kM29bj4dcujEjpsf,ZViWkd6d8hVcRrz8eGVfMk0dYHKe220MmcJYyuoCpBQ,TpbzJeU3tn3CFjxh-P-JVP2hj1xurxs_PUIjpdud8oeUYUrvybcLLXBydgDxlD7oi8gXdZpzZ2tm0g,517,1723085255000,68
TBnBgx-u0fXjmY4ksD8hRIBH5s_yf1A0xm1OZzLpETXn,g7Urzw7PJSyFDqu7vo_4O2s2xNYV8wWYE3nXDNOWOVg,k3E_3aEutWND-wA7HvqQm6ERHMPOma_UVgBKlh90lU9IUP9auMusSqvwhO2F5G_jHikequwsICXq_g,517,1724043219000,63
gYBnbZg_XiGfW6bdIm1zJFhLGRykhe8peJ0HjgNCsi-X,Mp-1U1mNGR5QfQSuy2y5wUUdthcwn4Q8TW0rdJUIsw0,2qkoaHrz1dWku8VAgEjblYaprBEqgewXzamCf1QdqyqjcMmdg9_EMkySrJqRq9xAOt8xq36ozlip_g,6330,1722534836000,56
Gd2SIBKxt7z31FARjcopLFej7B07TiJLFCbhJHJ6aTuv,PGHkqEQtyFwDW2sO2KqP8RpMet0bbMjHmkJ4AntCpNQ,i-evAxJz8dD6tz79lg6sj03XOnXRURr6qA9EQ2aLiBqztgNnmOAgSMgJWYhlJTpVGlVbbJSMJ9OP9g,523,1722116054000,218
8l8fWz4QMav7NH2l2A12dE7D1S_k-5zUZgxM9-vqDbQMsUA,yiC9xRxnlxDdFNsy2TnI0oyRohkLehO_iG4i1WOsSaYYiA,lxzESkpRotUk-EkgB0IFsX7__BJviEnsLJAa7hmAOJeZVtUZC-_2Gzt0bnLmRhjvPTIn7I8c17uh2Q,8,1722914681000,51
vTZED1RM0dpcr1d9Xe5qS3TqJ7QiYhGPyUw_y4xKd2qqyDI,P7ar3Fmyk15EMBEF-pIR0hj5wYDZOUHEkpdK3lBAIyi7bg,EMY8rqd2ot6QFm1T4VgMVrLvajsR5qU72qxYK5_vAAwsdpZkzCJHagALrLeAa5HKpc0dll_mK6PUUg,693,1722483293000,199
6pCQlf0ByQgCjs1E9-Cv7zO6ApcqpYySoOzqr0wA5C3CAz4,XUV49Wu3H50OtzkCXgitmUHdWaQ5VdEoaJ_UbV5FGUDTNQ,h_O0XDS8eed2ePoplU24kVGPxIV47c1saeFeraTpsq1cT3iPO6hp95WFXISBXYPrlZGYDb9-JCcePg,4379,1722510504000,39
5Mw9gFSDnfvCOtQH-mMOpsrHg5f-8KnU5z88CdHirFQHYv4,6ucF2DHi2TTUgBatIoVEgmCbl2KM2nU9FVfRuE8XEPQfmQ,4K8FJPOjTSTa9UlEU6WvflI04u5Hk20K0-qEz0bQbePIEKsSWzpmvpjI8zWBa_N61I77Lv_xDgqaOA,4368,1722301664000,125
6Mk1xKimGiFOj-fCCSLfRC8y774TZzzXcrsQX8MpRNOEUGY,P1NIKZS8Ks0wQQexFh4iLFzJvroExL6Hpw3-MNtLZ_TjbA,5IMEoc21qtIT7_uiKbtq8UdyEPL9LC7eRdMuMY-_w1qoraAadqqyIM_B97HBQwX00IWqq8aiM_7Xbg,23,1722300062000,45
ps-vdafznaP90ufsYoAkqiXeDufv1lfAXKGJiI_b2X4FVEM,op4-UIrtqvAqolIcm1ooj4tVSYJudwwQXXmEnCc9iekNcw,ljjnGQ4zRbFRIMLOVbyvLxdXTqrehlK2NhczSCk2CccU-5WVdSU-LaSYXL6H5GLBVkr9Ta5KHCuShw,503,1723002207000,221
NIteGvKTYIVJKmO63vq3M3EAa9rE_n8BHLp8OhKy1PuvRVk,vtTR1_g9uW7ktbxiUbtczMrzVg1xhgpnnHgF1Yjh_8s1Aw,6JzTsxiBaBr5oRZOD1s5m6_bdZP8jalDw97Ko5mTPj-vGL3bxYEvxqamFpRICVM0Yqad3SS6gsRhAQ,539,1722656185000,371
RPS1Hnb6cOt1rpaFsrjX3CiXKncR_xp95bKMko-mOTEBZYss,m0Hj7aeCt57_dtvdItzqoHG4QqQD6gWnK6nDwtuNrxncFavAJrUwZI-u,Y6AinX3SpPsdTQ5KmFuirngt16JicqrYVk35U1PJ1VuIpMWHcbk5FCLJU9rS13QSMjgwXK6zTHtBkQ,3788,1720675201000,37
yMdbkQtdpH8FVaG6Jq5mn-8uFo64V1iZ0T12OpeMDV7-9DyR,czbwvrg7GoZo4zbeo8NQQvwjMRfHlZBCO9y2tB2kZh20H3WnLlDFFCAo,nxH-coOMO-b6IWEBuV5puZAPmn1IEoLnGRmOc3ZfwiK3vQT-nXV18y3Rb9XLXgmRUswhKvFBeBprsA,5692,1722394066000,54
K3aY0ddKLGiIUCuy30wO3KJ8wWtycrnm8YYtCEK_2PA_ZJJi,aA9-u0GayWnr_iQqtYd2NORQmBHIikwRTWgClToXBKrUkU-Elt7fOdzs,FXkbO4C0RQ9cXrcHGpqZJxHp9scas5oaCfF13qndxeFnIlg9dYhsDZmXERkMZ5lLTjm98vziAWCGtQ,4658,1722825965000,37
ksO0mesmMM9JHOYI1Z23eOQhH-I8RAkp_JzY5BdocDqaiiXf,l40XscoBYlpIune42J1D8ShVhVQ0qNIXmGPHV5_vqE2VgBk21xnl3ldb,ceGh6SWrn8m8F4AeXzziJGP0yX79iLTmLHGc63NQET5T5ir51cYK8rMRVoKz4U6yTcT2R5ba5rrZBQ,3545,1722401635000,55
zj6myusjqn56DuE5ZZNK4n-Z3f1W-qAK0DL9zanpm7MvQd5q,ENO6tqszmdrIDi6YPGNku-Qw-ogxzvOT1FG5UG0x0-54AlQ-3OROrTAB,WYMIIS-UbbqYUixcb9_RXD-OYUIk-Yxg1w3RJNDW4G4sl3vJfMEbKlyoav0-CBiZsl5L85qfrtPasg,5067,1723004463000,36
Tf_WPJoyuJLs1EjxJXOguTsgkXIJhKnEQyqZZ3IyjdSv9taz,UL09NfVtN0M-ly_CUc61nVFnx8w7RyJCsIhDVDsr-EaLiBd4LPzvL9Lh,ZZ0qQbj3bgOwyUXJRJJsAPkEcb6939cytm7kBg-ZvecV49q8Sq3BH-dIPrnfcRIdJHPXe9aDwn6Ihg,6340,1722751326000,168
6FJrrT9i0jzOzOSPR0Fj7WLCzUmNtGPFITuPeRDFgZycKwLH,AETJ5eeCk52udiBgnmRPhSYQ-BFvDZ9IPmT2RLu32U9zmr9eb5SK1sZV,dqydPlrL-4H3gQ0Q3WQQI9YX6nfVLfyZS1cHId981Kai8Es-ViUQ4grMZTV-iNQClPD5s4qUoB3pDw,3544,1724833557000,57
PDIHly2n24rmKamEJbbjEz_ODRGjKyrzJojEdjHxDEVMNAVJ,kJs325tq4MpqKvcKKIbanmDbXkp6Qly9hfyaqJ1hPisKlH9b05jK8YqO,H1Ohlp1aMHZVBr8CHhrD7TcawrnY6oNOL3aywTjIqvG8szmgEEkQ8P2n4LFPJ3Ql4ntVjkvdIU0CVg,3866,1722113943000,171
dMhfuSiMT1ci6-03HrbgsUWl0brQyp_H3e2TAzcMDBEgP0vf,7mWULlkunLnZh_YSk9jz0Brb1gA6s-cxzkoSGuFqNLV5t_270jmd-Gsz,9M8SMGCggbWsuI0tyx35_AiZXE_yKud2jwAkcTe-T4IPgMrA1GZo7izpyJEO2SpJnipPJFt1fJDa8w,4574,1722340832000,538
maEEq47JwAf3bJLvYQYJEzqvv0C1GlTrojZjNvQlP8U1PWRG,-HJGEyjn_DIMB-EYdzBbu41K07PHm8eih-w800d4IAcZZ1xERQk767MY,qOHECRNQ5kM8PaWgAbqabi8jANFBduNVsAERbYZ7D-6JTFRnt2aTKQJq5FSOt_6ZwJpNJpZs_H6lEg,6499,1722200751000,79
KTcySfSyBgTcsDlhrlxVZlfAncC2VXRUw3PWVNdXyP6dOwFa,bYLIqkoUHj6QOkayQeToVOG2yiRWpio3z7JqcuPgwHcop2WDTmAkYOfD,o8GQi7RmzU2f7-4uAUgyHjbVQ7AiW08EzRz37r5CsCjvgI_vmRL5BTg-e2m6JnvAKNYd9SS-Q0K5Rw,4660,1722646807000,191
Wwa17pwDD6KDMQafkVO_6TOzO_ueeuyjSUpQr1hrm_jSLqh9,REnEMsi-8VBX3ppsfTzDBrjtbwDVMI5G6A8jgp3-Cil6-lq00iUw39Ii,vmY--j3-ixK0RcLps9NQYsXO11PQT6gUPaKvihhy8K6LYhMcVBEZA-bOqW4H4NlQoGouWfWiPH-beA,4279,1722179177000,260
10u3HTmC-bChqH3Bc_t4f_0aSIKAGpTWzh-QtGUIIqQ8WD5R,adwtHpBN88s8Cm8dwOB80u9ohlGlmgxoxSp_Bq30CRhxK1fxP2a13uUL,U2uGxT1dPkSG4n8kiBlE0LgWCM7Z0ucMrT3QQI70QA9GL19mml-1KH-rGx39QjSvoH3kjBa3geObSg,5269,1722663656000,267
k5OvwSpXnyBOjMBLPFlt2IhDt83KJNhHvZ2gDUX7AjGe6-B0,x7ScWM8EHiD_PdzzZbqcNcVbfiWLdGy7CisTIBITbrya5IJeywIGVoN4,r_bOvNGFvH1TbmGE5TcaynaCYJkm2ATyLPydnK2oDemeInlsgKoCKgJieIu_nQb9x1_HBoabKqbvJQ,4589,1722309218000,257
lLfXisvz2YmbCF03SPGCJ2CRv_f-vmDJscHGf_VnP2UrcIJK,LShiJwL9nitTCNUNRgJnDByZVcmj9iRpWDkrRx70fbX7prj7aFGQJ8Y2,MfB-Akbjpk7B_82HIh0FDszz0caY92PYk_q4Y3mWabbOBrEkiwUZTUBN_CHle7jhqouHr-IyHY-twA,5996,1723075585000,41
IcYGHCOoGCoPmWNHo9Po1CZ3vfiJGx0HZ1jrIZI-QwKn6-t7,bwSYfDcdmuOi_UdZD6wJVC6Z58Xs6iuD-LSO-CosjEUfLuGfJPprvRtH,p1sqtIZ333quFI2PqjuZTIZnKHqyT2kggpROFFG54chXQ0oAOg7cy4Whwcm_EDYygtDY0ns1UXnNXg,5119,1722395773000,68
0ZLETStqjGrQVbW5qzpixC21aYRY1GnP9vntaki5jzSkS6fB,U8McH0fCBDtIz3l8MvX-Y_ZOfKqMelUa4QT-Ldp9jafZ-euKAnHaIxbh,UMSXua4pFHgyd92I2t6C4-2J8ja-iurHQGzZEgGDheKxt1BIhjGLHqxARhbFNtU0VFcrWonapQfo6w,3543,1722480743000,99
QRIgD6Z0Nl8R10DAl0api_1ivq29fS5sqojuUWpqpVU0qS0P,osr_0wyBw7NrrglHH8hG3CbZbYZ6haI9J1kOpljkbA4t3M-3CHXmuxOt,o5WW57mvx8KAM-0ioYsB-ifyKtpfgeDGz9mSOTX_PWvGq2rcIDXWRzU_hSpL4CUwqQ4l959v4JcEnA,29,1722271630000,36
DpCqf0vWlDveiFB3gEO6cIb9xxxUl2jwhA8p2C9tubagYa6I,cNc9nVRXxwhxXaXyxyHWtayu4Gi_728CuOOdJICTOXUCPsW3kwyg1khX,cSYfRrmAFnzwxP3oG9kX1-kZ2uDeg3RCu5Jw4Nv9UaW0l-bteE_kBwnaEbAojpgZVN41p6fL3e5-BQ,5799,1722648352000,48
Ng-KbOgPaYSAFK9i_PPxh4iJTFKubivYZb5_iKBqi67aKRNG,YnHsz9ElnfPOUwrgU-6BV_fh-Q9duuTUPow_JPy_ghtAZTtZwlvTPUvR,Csn-xw8-zX9XpA0BoYWAsNI_KXcyqR10i7JRflEd1tdH7CUPuG5QN5rk0ThOLBpW3NO4XfPxZ9Zg1g,20,1723608775000,71
fTpeBVSIs6DDDlRYrGAq81E7F__cg_wTZkRzd9luHM8N5N6l,sh7FKC4V8u_pwb44SfRMeW3FmCtlkURkNPQtuUOwuJz6-1UH267e4BXy,dYzwndQbDrNtRQL9pbFSDNDkL5O3MdHN3-lxQ3vMNs96EHBjjLoq35myp-VyCsdAxZHyarmnGAjfpw,6382,1722192444000,409
2LtM185JDqbUjoymeJw1hi9m8LP5xBKroWUEKmaKNvhdXltq,WoDzu3dQwAENkeYI8I5slwZCZPagVsxUmv-NMPiWGA41ub0f9110oV27,kyqMUGPRAOQgn6tgd0jYQ8DElL-Ggzmcq7p09EmrL-8LBVGfKXfia5N6ffl6ocWZUQM87hjIFnf21g,6585,1722200183000,74
B9XlPRnHMbhYyuPy25YcGZu5PZKLRg76r_3X8nPCMTLJMTj5,mcJZ3r2fbA_dmzfXPrkx8IyqxcS_nnCbzRS33gQ82Z67iKGPX4czPkyc,d0OnmvZ9Yi0-7j_66I1ilnAZXJ-JoMn_NMWrucOQyaJ2npKt7UCM_hY8C_FHVJ06hWBbPpNomDNGgg,6011,1722224777000,67
gHPtMrQEca3dnnIICw6S899pQA3sK2G5X0GikUaGO876B3A2,5GEZ-dxzjtkUROfuaFSktomKUnnEgN5mfnq9KQS0mSV66eQBdBn_gnCC,D9nYlC7ncGV_089Exuk03q6tJPHJIgMl5d8lHh2D7wsnnJDk4_0jekx15lYJ3O4I8XooJb1FgSGevA,4021,1724045922000,706
9ZVh7cXZcpzXNxTkK8RKbplWhjMUWdW9vRbic4mkMS__B5OB,LkJNuioWqIXFSooOJb0xkmDyNrnkbtP_gU-iH2km8i1Y_USNVC-kwREX,yX-c1obh0Ax4uu-vbQQMSFjOH-rXykTin890_INSN4zHFvd_Mx50pFPXg_jcbbdHxtji_ozXDcIqXw,6522,1722830601000,66
5mQbvJ5ic4pp4f-QqFvXWiNxVBm3IUOulg0qhvyOyj-qXByc,2XDfMSq9VsqzOIzv8E_HMDJO9FVOB6c-fhZhWKit7jsn8UXA15m901Jz,1pR9xPryYZw7L6Xumv6OXzx73zxskN7HRGnVsWRo4nMwAGhBVhkW50bx5oS2_DtQNq2NGLrQj78hBA,776,1722490868000,35
bvNYtfi-SSO3IVtcNLXzyFnFGHjcdqJT1kU3xdRZDkdTkVqS,CmrqKMuKUoIXtXEuMj8dz5HBnt-Y-rqd6x-Yh5WdaHYiOjrQ8_4HJ_tl,85p1MOMZmBFzRpJuuygrfBozz13DHDA9QG2KTggMOFuPIhUkBqPrCfR_Xe-0Qg3Gqcp0GGrU6QMHFQ,6522,1722322012000,117
m4TGv9Ll8QVSfRkfvhV5hc7JJWNlNaxAIXAJ0w7JIN1NV58z,U-JlbCIJYRDjVJfpOJutusaAlFq6iKZM605z5YUCN7UEYDBQXY2fkApV,UwF9FzbaITDQ1a2a2RtTAtBeAEcRp0W4bc81XtqsVEB0dqrktlIXBxYvu4AS4v2QjnSOCCqlnFeCIw,3546,1722206624000,50
Y_PbsVE8eBS9MAL1p4QKOWNGtOKTbXiH8wr9vAkTkQ4Qgllc,sAkssZkbIWC88cI8BKIfyn_TyvVPNin55SkX11Pc5LCZUT8Evj4WV1PO,m1ClaQFyNox49ao33S90YnAeOj_fgnjlr9Gxy5xC0WR4RGJwDY2OA3-J81SIvcCNcYQqF8Ho6k49PA,9,1722542213000,299
OsHLbRVb53uRAeUlrb9tLIQl2p98l7My15dpToqWBrwI8uI4,uJvReBHfU7-N6HVImBb8_yDsmmdDxURCpnt9zGmoIk2eKiieqXYFO_bR,CZnjzMLT55JpjpuA1GwkWXpG5GNAbZjSt_LaxkNBb5FKRN-0TFwUaykhXV5oUbKRIV-2Z3wyIKbC7g,6247,1722295258000,288
RfpvbcA76QCGzvjj7NNKWVvgYx0_0xiPZAI6FSypnelp4_yy,zSCMblBOrpB7ck4re2HYAhV2h5if0Soxtov8EoqKFZWvjHejibEH_T5q,WPMLWmbgen5riRWPMcMrVDKumQ7bacqoGlF34BQ3acLyZwKF2JKDE7XVu9m4VY10yHrWAJjFPNZp0Q,3543,1722569469000,144
1LWfRf8dCTPmBi7jWS_idsoq8FucY7RStLZfiTkXTp8x5Cv3,mMgF7pxnlBW4FkocOy3IVA8RWDjFSZv0u2zzGyWdsI9qJY4wGH6-oW4L,J340cMZdJ9re8ymegWNa75upyaVdEFFeuIxqsM4HRVV87AvpC1VQiAY5zqzLw7dCXLEjr-Zkg_r7ZA,5269,1722240225000,132
jL_wTgInTQcCFSOelMH_iyuub8T9ogxJAm-_9u9xUE-kBJDb,9eTSrhRKHxLtLdiIO5sLpHXhfQ_vpeY5raHgcNjg4FeIbgAN8ANSzeBX,KzauCprEEGhfNphd9p6njTReyd2vOf_x-HvCRAMiRbF6rwV708iPxJeaqNc_ZG50dAD8Sh-E-5H-JA,3796,1722837788000,595
p7N6tIFeAnCMk261_upaKh9po7OeFacigWLyTBtYdeAqnb94,pO5d89jPeMOnEgkFftI0unO1vgquGINNo3h4CF8nhQjNUWYJ9K9kgIhM,P4aKk-Mw11gQ-PsM3CW4wXFA_-IdBJpEnrAjq1Dah2TN_dX6orJzPoiP_szt4Xf8Z0CQlItCHWuSvA,665,1722581886000,63
ilD8OKck82d8PUOjKe6ALJCRSGwvq5zhwqHCY6bQhWWmq8yk,RaQsbRMe_hNdukUVH2DGziw2F4rl05CsIZvGfsMq8SgTZPVXzFX3RKxF,DGL1FNjGKNM0amjGWnoz3WN_gly5BtP-dVl6e4UYKStSiEQLR_-0W30qIg9L23bH_xVIgueTs64xCw,5271,1723000197000,225
GGHHT6NJmzbCcYVUMG-bZCCD1mJAMmkNXvzchgl3YwmGMJjK,6W4RePHbFeF2vMUk41xwwWiZeeJ_eepgcwqbx4Qva3aAzE0gkZmbmdEA,QkDOepiiEi0MTRdaHrUYbES-GZh2cyNO8wN2U-vD_O_fK53B46Yhm7AGNGNJLu_qcIRYBTNQ8yVpWA,5408,1722831469000,365
Vo1fQ7WXzPC-7YfQihwq-Fd58WPk5PdAsWslrcIIIzY7gACP,q5y9NeeJxh_XGUuZzw14Zeo9taoSQbEnjQaErJ8mPiyEG6tyvv_92enr,g0vSyS-MnNgRReATgCnt0I0k4cuKPqpm5tmiVgZ0Q-Kp8F_19dsPd_dPy1gOWYdiw_6ZSNLo52mRYA,4744,1722649929000,113
u1-EgX6jtRcMZybQERPLjyMSZs5B0Gg-j7aupltxkho8Fo96,gwCCUE58grsi6SDIckQ5wbIJh16IipIHtYIAvi3yItq8mbUj_y_D4Yd8,9Yr3tUGyO4zeifY6ixaRJCerSqneqNC5Qdq7UtnNsp4MSuslmtuvP3SzsUB8w2HjNowczyJ78UP0yA,6622,1722368126000,206
7vFq_4C2UA2P3vtDPCcu8-k1lGWu3dIm1YGKxzllCNGwDd0Q,q09aYbzK-_6D-QeBnmFm4nBu1-Ob3W0cIKudMb3vFBu-h3t_2006V-7l,xM-QykIXsWAJte5zqS357lnxtjqTATM3ixfS1kgTs5dHS9JxlsykEO1m3rRDUXuC9InaxgKSjt-hOA,3861,1724654852000,55
75leR5ury9OkZ6zchN0mteOrDfi0HuhRU1GlniwQJnmNYYPa,bIZs_PRbxPRqjyTqUPWzZ6RN-BhCjZUgvA9zutGpWYROhz1CvI2agGvx,DoLyiySm5v9Yb88YOSUUhw83rieJFu3gj5S3io1v6XsYEu_0cGN1oHZSZbOe5wQC8_lviViByTIlvg,18,1723020882000,33
aKYFGuva5zFEu5_d-cVVWUwcgX50OcaUxpXTv7FTOGlIVS0n,Lt8jln8UGjiBEBikjMY_tdkxXd9MiG2lIsC9VA2s_O9Hw8-XUWr6ybi6,N48vPhVKHk5cpZ73GlUhS03KbwARsms1qspGh4h7wELrAKn6Uno0MiokbULD0LOEMR0k9_UAwx8hXw,3378,1722461904000,89
2ZFsBgEHxUtpVBC2ytO3PaYDzEtLC5lifH45K63__eTdP3Px,cGvL-0DLJ9_pD_SYGYhzfAa9vHVi_mGh2uHJ1uo56C_ioAfpbO4-M4zw,Fosa1yxptqyw-_llP9Z3s29xlzrfix3zgtvnUoRqJK0w6gFvcBFXRqPh44ltK3TWHsGoKN7IVcF-HA,18,1722470434000,47
Bnf6wnVzqgtMXIsmPSMFDSUJ2-HTbz0aNX1or-DD7ZGjOYu9,QeNWnfitwQAT-nR6LCZvpN_WIjNBt_blXDvnEO74aPtQlJFSHLCy19l8,3jgt0zNs-YzYH703f6emUUj6K8vkeupG_8ZU1DuGsv0y8_T0IWe79QIjXLRH00ZWEZBRSnQdTkR81w,3542,1724335323000,74
ajypbzduAxSNgqOvmecXBGT741AngUy01bVhSFlXGialxsdz,oREhwBTmYAvJNwekxJ2wqOlhy1z7k5zUOoDJtuQgfD6fuI5_wfbX18fA,tpI7jr7r5UXGzpb2L-mSLwhkzAWmyJEnztUjj1ayvwU4lmWkGdITsSXfj3uo9eHdd1SKLpt0hxHpfw,3840,1722521132000,38
Byh4ydtUqpwfM79yfPEg0XQktCLnZ2-BbV24VCDkPa-iSutk,2d1_NDuLsgBCjc7XSGF_HP6awSf-QKPRelmG8O1I0PYH8enLMnCpeV5x,xA1JKB2ujC5fpJS5Y6S_tqEq6y4tU-VA2zcNtuzUTRpFTwkO3HST5DGY8-gfG2CTrOwF_a9kgmlsyg,3546,1722646951000,50
Oe1KAnW-GMs2qWT53I6SI0GTsv-f2nUOZp0maLl9og-UXK2l,qpAebueTBpuuSfxVpEGXdQzGhGUd9SnPtwUbsucVAJZnvIJvVG9N8P81,vVckpjaTxlVntQkHQzwQbSwDBRne9hqCO9w9E9n2dHDkWWTr6NALXLbNiL6gLvE9aC6RPZfhCxsMGA,1446,1722403982000,301
96pejZej6KP6g5Vpky9lHhCkWCxzsLs4qOtI0C8muk125DrP,_Ie_lMQZjdYnO1m8crMGguR-cs0h7K_J2I0_rEDQgCaKif1nBjRei-mf,zjVtYCLC5GkgrSq_05S0OB870najP6rd772MhlUmCgQtEH-0dut2MeTbYEms0hwxY_2yHqDoBFbzoA,4384,1723087612000,446
xqGW8mSyNzw20kJiQ85pZD5vbElfQHjGjO5YDHz0ZnYb-31w,ycXxGlYKbLX4TDy6pVuVeoGSarRjd9u35dtNzXxi0ZAGPiDIDSSniYaO,g6GU7MC9LvmJFeqvv7IRfQYpr2XbjEIWkIgf3ki03knDteTtnj-RA_1yQbFwvUf7lsXnDyixnz-4nA,5067,1722489606000,32
S3kLyUIwBkt5Qr_O7-sAjukbQN4qm78nzO1-gAI-Kr5eYO1x,Ch0SUyQuAm1mT85ZDGPMIHLQh858GyoZpXO5uMv1Yg6nhGNQjrtvCSla,MJMs_uEuJmMWpgxk-fu2BIf54hPdILVLSVOJDyq3xubC-_0XvUjceLlMfb5ohvWS6T_4E5grSXJHDw,5373,1723070771000,253
7-914Ktu9jVv8DnhlzlpQDaxeud5O5wA2DLGnpJHFpiSD2Jq,Wkz09Yn9SGudB14iKzMsGYYKZPSyLXYUOxrkZlnfQ0Ks7khHe4SMEOiz,q0Zz2H1m-7UvSoCqifqlsRUDn8urrt6hhTLpEqyhrHyxy3cGssOCMDEjdDVZd1e30ms4wV4YeFXoFw,4069,1725097944000,266
eSYiAm43eysDrEktaPskmCLn-Ub6KvYW45rEsCJwpPvk_VhV,BxO-KeKkhReVykZeNtBbCWy1FUiB6BPrMtfxwZVD9nG4i9BwbQ5VhXVo,GNDCV7WZfF-Lx4UbYKe9h521CjtAJFOAY1gkioWQtOOz0wWXpIwqdcpDKy00CLZwu0r9x2GM0H1FuA,4025,1722756498000,63
4r6QvsopKYGFgchJnxT8dapi2c16EW7IdYUAjJ8Oc6_3VwvF,7N0d1xkm0PtW_wunKYp66yrMMq5Zv_VvQ-jXWr68eOhHR-6l4kCeXYvB,HtOBH_Fq08IAzk_DqeYYh5ZRMNpv0xecodJzHsCD7n06CW9tsQ-qU7FWynH5zOrTGaUXp-6VQRZhEg,4834,1722388427000,153
9lAqeClj-g6evDTejZLYCy08QbqOD8sF4wn4fW6pB1xCA5XZ,TQLiiUmx91e0cn_pjnmRZnm3JLhbtcCxWZCBjv3blqfk_1B7tEyV0MQF,2L5tVwrIogGyB7WcXKM5wSvqjO-M2MXlNkEprtMmqlR5cU3yeEPp8LGK3xcHO_J_eTT7zA93zlWC_g,6633,1723406405000,72
Dz5d1E8uZIIjR_XWV2Z4AkKgXeoGL2Cc5x9p07u6Rzwkzuoo,X6KWnVwowjHA6SK2I9HodVcBV7PeqDU5lXgEZB0HBcvS7pSEdEb8Yewn,b98kF5mYji33r-QCcqoLcufNLuED43FtBCj8vks2W6JSzgjb444K1O8Mm6js-VKKp4U6HOsB70ivbQ,4756,1723070933000,51
yUIKDErqdqr2wgTcExO5PIpGyKcLJ4Uvl1_4f1OKbNzD0bVu,Tlq0iD17DMr3CusTsRvWFCWgbfL-_7473rGtFUr7UbuqNonD3YPwfOTQ,qB-5BovgPsD6PdJ739D8TSYtKRmWumsF6OZbCyDyBcDkFjaySHPz7gtBvUjoEPaNuEzI0yUO0lms8g,4659,1724643664000,301
4SR5ENx9tC5wPkwBj-_yn8afRFC2rtu0pbtx3IcmkeWOwQRQ,bvIF82k2q6bVuOfXRWyhvx6w56Yhiwv7tQz3Qdxro7MiQ02TE_Bcbz8z,8JRkigqKEqhPgvnlB-oAR-DW-wjeFy-0Yt_6dP7Dz2nhSq_MFqypZ9j6VzdsEm674dOAXmvYm2b9ZQ,17,1722138391000,51
1gxSEEXrY8u1O0JbkU0Pm1WVXOj_BeQa7SgbHUZDSff08Mh4,bXO4yEPvAmmj6wD4FiL_O4SroadydIGIyKGdGEtaUS5F54lOSyI6m3x6,dsP061DbEybqZr9PGtm7qq6JiWv8W3RKfy8eFsIW5UqtDDDMPef_A4ALkL_ef8ZgC-6hLnLP04oGfg,3545,1722747280000,47
OV0FkM6PffZ_dQl3ayUMlOAsRwP0xmy0PPK8y0TnHr9Oyofx,MD6lfaldIOD1VNkd70tCs4ugEz-G-qT3Ar5oS2ten47CcbnXgRQ8f8Lp,HSFrC33DBZgILdLLAJJ5RJWHFlnTlZskDch1QStc97AHBrCjhEZt3Jv65GH_tkOBw61MLxo-KUAHWg,3,1722744825000,39
_gh7H7ZrCtXjcM-N2XgOjOxooAlvQR0nRo_tMUDXUepClqFs,DnWiM5_1lYGWjKOa2rplrbaB9Ba9aT0lQBKvXreksIq2nD6LntreUAo6,dxUmH7xlUZtWk6nHrToOBTYrvrU2bJvsGUQS3DNCj99qKhpoLlSNRXx_rH_N1ge7N2vvKFPztawbTw,5458,1722320175000,54
qDQVURp1cxWZusSw6PeDQj510qj497Rk62gkCuozrtwrxHCI,S_nqHfU1yFALnRPTnfccJszarWlOLQjLaIRQpinsS-9IlulPGI6AzvqZ,ws72IxAdAs2WU0M6K7nCO8Yek9E3SEJHI0NFjSYLYzcT0hE-dw-yzoQVmKAfIao1Iuvr3Sc8dJKLrg,6567,1724891342000,321
pv017nrsj-kpLoaqQQi-DNyzwwvWhuQ5ppk7b4hNtJDn_QNc,U4PheBQTEYHZsX1ZTZBp_j6kZtbIADO_5OboU_zKZgmnCxD1htN1PHMQ,NcRi1xC9MOT7b5Xe1FYsjhh1mVkiHvRsJ9fdGty0U68jekqfTLYUGfJIt9RBaOKA_Kb9Npd1ELk_cw,16,1723074671000,55
PM54xp56pPfyDCAADNRqUWJ1C2B1xAPDHLiK6BPIQJyeSKua,l7Wx8EWn8rkRPdDn44QReYr67cMFbz4cKLNezGXLeF_bevLJ5P0dmkVH,N9W3FHxRmja64WuIVB4M1nzOBfnW-ZFr3JRr9I_5uzDJiNvl8kYoCASWBgSgJ4DPItaf7kK1-9UVtA,3367,1722403942000,66
hDPyJyAqAN-EiJTqToa6lJJ_0yhOTMUG8bFSdPT75WzAAv2q,H76Y9L6F-GtLbc4xT8m0CSChbKe7zmaD6K624K0VI5zHIwHTVW7uKE6g,1fpoGNXjPfafDtuaELgx-cBaJHxHwp0eifYVHZiq5yO-g2sP6Yo0PYc4wfDBKojVUhL_aBHlnVzd0g,25,1722798097000,42
